{
  "CWE-119": 0.117631,
  "CWE-20": 0.091721,
  "CWE-125": 0.088312,
  "CWE-787": 0.075756,
  "CWE-416": 0.063725,
  "CWE-476": 0.06094,
  "CWE-264": 0.051582,
  "CWE-200": 0.051568,
  "CWE-189": 0.037451,
  "CWE-399": 0.035926,
  "CWE-190": 0.035205,
  "CWE-703": 0.033665,
  "CWE-362": 0.026113,
  "CWE-401": 0.022012,
  "CWE-120": 0.015573,
  "CWE-415": 0.014096,
  "CWE-284": 0.012136,
  "CWE-835": 0.012017,
  "CWE-369": 0.011954,
  "CWE-617": 0.009875,
  "CWE-772": 0.009267,
  "CWE-310": 0.008126,
  "CWE-400": 0.006733,
  "CWE-22": 0.006453,
  "CWE-79": 0.006362,
  "CWE-269": 0.005501,
  "CWE-254": 0.005263,
  "CWE-704": 0.004864,
  "CWE-89": 0.003835,
  "CWE-78": 0.003373,
  "CWE-754": 0.003171,
  "CWE-19": 0.003108,
  "CWE-327": 0.002877,
  "CWE-59": 0.002765,
  "CWE-287": 0.002674,
  "CWE-94": 0.002618,
  "CWE-17": 0.002555,
  "CWE-834": 0.002247,
  "CWE-732": 0.00224,
  "CWE-552": 0.002072,
  "CWE-388": 0.001974,
  "CWE-276": 0.001974,
  "CWE-909": 0.001785,
  "CWE-674": 0.001673,
  "CWE-295": 0.001645,
  "CWE-61": 0.001596,
  "CWE-134": 0.001512,
  "CWE-682": 0.001484,
  "CWE-697": 0.001365,
  "CWE-863": 0.001351,
  "CWE-707": 0.001323,
  "CWE-77": 0.001316,
  "CWE-129": 0.001246,
  "CWE-307": 0.00119,
  "CWE-532": 0.001127,
  "CWE-193": 0.001106,
  "CWE-755": 0.001029,
  "CWE-345": 0.001008,
  "CWE-294": 0.000987,
  "CWE-74": 0.00098,
  "CWE-862": 0.000875,
  "CWE-601": 0.000854,
  "CWE-252": 0.000805,
  "CWE-320": 0.000798,
  "CWE-665": 0.00077,
  "CWE-88": 0.0007,
  "CWE-843": 0.000679,
  "CWE-824": 0.000665,
  "CWE-502": 0.000658,
  "CWE-281": 0.00063,
  "CWE-770": 0.000581,
  "CWE-404": 0.00056,
  "CWE-763": 0.000532,
  "CWE-611": 0.000518,
  "CWE-285": 0.000483,
  "CWE-667": 0.000476,
  "CWE-347": 0.000476,
  "CWE-346": 0.000441,
  "CWE-273": 0.000406,
  "CWE-16": 0.000392,
  "CWE-349": 0.000385,
  "CWE-191": 0.000385,
  "CWE-908": 0.000371,
  "CWE-311": 0.00035,
  "CWE-352": 0.000329,
  "CWE-668": 0.000308,
  "CWE-122": 0.000308,
  "CWE-241": 0.00028,
  "CWE-203": 0.00028,
  "CWE-639": 0.000252,
  "CWE-918": 0.000245,
  "CWE-131": 0.000245,
  "CWE-417": 0.000238,
  "CWE-693": 0.000231,
  "CWE-1021": 0.000224,
  "CWE-93": 0.000203,
  "CWE-361": 0.000189,
  "CWE-116": 0.000189,
  "CWE-288": 0.000182,
  "CWE-681": 0.000154,
  "CWE-354": 0.000133,
  "CWE-290": 0.000133,
  "CWE-255": 0.000133,
  "CWE-172": 0.000126,
  "CWE-664": 0.000112,
  "CWE-212": 0.000112,
  "CWE-522": 9.8e-05,
  "CWE-823": 8.4e-05,
  "CWE-113": 7.7e-05,
  "CWE-798": 7e-05,
  "CWE-670": 5.6e-05,
  "CWE-672": 4.2e-05,
  "CWE-121": 4.2e-05,
  "CWE-326": 3.5e-05,
  "CWE-457": 2.8e-05,
  "CWE-426": 2.1e-05,
  "CWE-444": 1.4e-05,
  "CWE-613": 7e-06,
  "CWE-331": 7e-06
}